{"name":"1b59ca3a-a644-4487-84b6-14e455f27d81","id":"/providers/Microsoft.Flow/flows/1b59ca3a-a644-4487-84b6-14e455f27d81","type":"Microsoft.Flow/flows","properties":{"apiId":"/providers/Microsoft.PowerApps/apis/shared_logicflows","displayName":"WOR - CFS data","definition":{"metadata":{"workflowEntityId":null,"processAdvisorMetadata":null,"flowChargedByPaygo":null,"flowclientsuspensionreason":"None","flowclientsuspensiontime":null,"flowclientsuspensionreasondetails":null,"creator":{"id":"d1259b69-ddfc-439a-8809-fb9fbd2e314f","type":"User","tenantId":"68bae048-c310-4ec2-934f-cbc2588f30fe"},"provisioningMethod":"FromDefinition","failureAlertSubscription":true,"clientLastModifiedTime":"2025-11-13T06:56:27.9340614Z","connectionKeySavedTimeKey":"2025-11-13T06:56:27.9340614Z","creationSource":"Portal","modifiedSources":"Portal"},"$schema":"https://schema.management.azure.com/providers/Microsoft.Logic/schemas/2016-06-01/workflowdefinition.json#","contentVersion":"1.0.0.0","parameters":{"$authentication":{"defaultValue":{},"type":"SecureObject"},"$connections":{"defaultValue":{},"type":"Object"}},"triggers":{"Recurrence":{"recurrence":{"interval":1,"frequency":"Week","timeZone":"Arab Standard Time","schedule":{"weekDays":["Thursday"],"hours":["8"]}},"evaluatedRecurrence":{"interval":1,"frequency":"Week","timeZone":"Arab Standard Time","schedule":{"weekDays":["Thursday"],"hours":["8"]}},"type":"Recurrence"}},"actions":{"Refresh_a_dataset":{"runAfter":{},"type":"OpenApiConnection","inputs":{"parameters":{"groupid":"myworkspace","datasetid":"ffd36c7c-6168-47c7-8571-3647b11dfb8c"},"host":{"apiId":"/providers/Microsoft.PowerApps/apis/shared_powerbi","connectionName":"shared_powerbi","operationId":"RefreshDataset"},"authentication":"@parameters('$authentication')"}},"Run_a_query_against_a_dataset":{"runAfter":{"Refresh_a_dataset":["Succeeded"]},"type":"OpenApiConnection","inputs":{"parameters":{"groupid":"myworkspace","datasetid":"ffd36c7c-6168-47c7-8571-3647b11dfb8c","specification/query":"EVALUATE\n\tROW(\n\t\t\"DistinctCountUpdate_Action___CFS\", CALCULATE(DISTINCTCOUNT('Assigned by - CFS'[Update Action - CFS])),\n\t\t\"Assigned_by\", 'CFS'[Assigned_by],\n\t\t\"Total_CFS\", 'CFS'[Total_CFS],\n\t\t\"DistinctCountResolved_CFS\", CALCULATE(DISTINCTCOUNT('CFS'[Resolved CFS])),\n\t\t\"DistinctCountResolved_FS\", CALCULATE(DISTINCTCOUNT('FS'[Resolved FS]))\n\t)","specification/serializerSettings/includeNulls":false},"host":{"apiId":"/providers/Microsoft.PowerApps/apis/shared_powerbi","connectionName":"shared_powerbi","operationId":"ExecuteDatasetQuery"},"authentication":"@parameters('$authentication')"}},"Parse_JSON":{"runAfter":{"Run_a_query_against_a_dataset":["Succeeded"]},"type":"ParseJson","inputs":{"content":"@outputs('Run_a_query_against_a_dataset')?['body/firstTableRows']","schema":{"type":"array","items":{"type":"object","properties":{"[DistinctCountUpdate_Action___CFS]":{"type":"integer"},"[Assigned_by]":{"type":"integer"},"[Total_CFS]":{"type":"integer"},"[DistinctCountResolved_CFS]":{"type":"integer"},"[DistinctCountResolved_FS]":{"type":"integer"}},"required":["[DistinctCountUpdate_Action___CFS]","[Assigned_by]","[Total_CFS]","[DistinctCountResolved_CFS]","[DistinctCountResolved_FS]"]}}}},"List_rows_present_in_a_table":{"runAfter":{"Parse_JSON":["Succeeded"]},"metadata":{"01H52BRPG2IBPLXXKPA5DIONUUXGPNRZGE":"/Wor/Template.xlsx"},"type":"OpenApiConnection","inputs":{"parameters":{"source":"me","drive":"b!1cnfFFNOGku_SARAC3h-drbtN1d-0WRNrOjcolqkmhAOGmnLkCjPRr9GlhYPSccG","file":"01H52BRPG2IBPLXXKPA5DIONUUXGPNRZGE","table":"{8782E842-9F78-40A6-A637-35E1FF457129}"},"host":{"apiId":"/providers/Microsoft.PowerApps/apis/shared_excelonlinebusiness","connectionName":"shared_excelonlinebusiness","operationId":"GetItems"},"authentication":"@parameters('$authentication')"}},"For_each":{"foreach":"@outputs('List_rows_present_in_a_table')?['body/value']","actions":{"Delete_a_row":{"metadata":{"01H52BRPG2IBPLXXKPA5DIONUUXGPNRZGE":"/Wor/Template.xlsx"},"type":"OpenApiConnection","inputs":{"parameters":{"source":"me","drive":"b!1cnfFFNOGku_SARAC3h-drbtN1d-0WRNrOjcolqkmhAOGmnLkCjPRr9GlhYPSccG","file":"01H52BRPG2IBPLXXKPA5DIONUUXGPNRZGE","table":"{8782E842-9F78-40A6-A637-35E1FF457129}","idColumn":"Resolved FS","id":"@items('For_each')?['Resolved FS']"},"host":{"apiId":"/providers/Microsoft.PowerApps/apis/shared_excelonlinebusiness","connectionName":"shared_excelonlinebusiness","operationId":"DeleteItem"},"authentication":"@parameters('$authentication')"}}},"runAfter":{"List_rows_present_in_a_table":["Succeeded"]},"type":"Foreach"},"Delay":{"runAfter":{"For_each":["Succeeded"]},"type":"Wait","inputs":{"interval":{"count":10,"unit":"Second"}}},"For_each_1":{"foreach":"@outputs('Parse_JSON')['body']","actions":{"Add_a_row_into_a_table":{"metadata":{"01H52BRPG2IBPLXXKPA5DIONUUXGPNRZGE":"/Wor/Template.xlsx"},"type":"OpenApiConnection","inputs":{"parameters":{"source":"me","drive":"b!1cnfFFNOGku_SARAC3h-drbtN1d-0WRNrOjcolqkmhAOGmnLkCjPRr9GlhYPSccG","file":"01H52BRPG2IBPLXXKPA5DIONUUXGPNRZGE","table":"{8782E842-9F78-40A6-A637-35E1FF457129}","item/Resolved CFS":"@items('For_each_1')['[DistinctCountResolved_CFS]']","item/Resolved FS":"@items('For_each_1')['[DistinctCountResolved_FS]']","item/Assigend By CFS":"@items('For_each_1')['[Assigned_by]']","item/Total CFS":"@items('For_each_1')['[Total_CFS]']","item/Update Action By CFS":"@items('For_each_1')['[DistinctCountUpdate_Action___CFS]']"},"host":{"apiId":"/providers/Microsoft.PowerApps/apis/shared_excelonlinebusiness","connectionName":"shared_excelonlinebusiness","operationId":"AddRowV2"},"authentication":"@parameters('$authentication')"}}},"runAfter":{"Delay":["Succeeded"]},"type":"Foreach"}},"outputs":{}},"connectionReferences":{"shared_powerbi":{"connectionName":"shared-powerbi-f47d855c-ef6c-4d78-9ab2-07119345a6cf","source":"Embedded","id":"/providers/Microsoft.PowerApps/apis/shared_powerbi","tier":"NotSpecified","apiName":"powerbi","isProcessSimpleApiReferenceConversionAlreadyDone":false},"shared_excelonlinebusiness":{"connectionName":"shared-excelonlinebu-e9e6e923-9a18-49cd-8f54-a9f898b32162","source":"Embedded","id":"/providers/Microsoft.PowerApps/apis/shared_excelonlinebusiness","tier":"NotSpecified","apiName":"excelonlinebusiness","isProcessSimpleApiReferenceConversionAlreadyDone":false}},"flowFailureAlertSubscribed":false,"isManaged":false}}