{"name":"7631c453-0ad7-4558-bd28-8ac86479c40a","id":"/providers/Microsoft.Flow/flows/7631c453-0ad7-4558-bd28-8ac86479c40a","type":"Microsoft.Flow/flows","properties":{"apiId":"/providers/Microsoft.PowerApps/apis/shared_logicflows","displayName":"WOR - Full Data","definition":{"metadata":{"workflowEntityId":null,"processAdvisorMetadata":null,"flowChargedByPaygo":null,"flowclientsuspensionreason":"None","flowclientsuspensiontime":null,"flowclientsuspensionreasondetails":null,"creator":{"id":"d1259b69-ddfc-439a-8809-fb9fbd2e314f","type":"User","tenantId":"68bae048-c310-4ec2-934f-cbc2588f30fe"},"provisioningMethod":"FromDefinition","failureAlertSubscription":true,"clientLastModifiedTime":"2025-11-13T08:24:32.8062151Z","connectionKeySavedTimeKey":"2025-11-13T08:24:32.8062151Z","creationSource":"Portal","modifiedSources":"Portal"},"$schema":"https://schema.management.azure.com/providers/Microsoft.Logic/schemas/2016-06-01/workflowdefinition.json#","contentVersion":"1.0.0.0","parameters":{"$authentication":{"defaultValue":{},"type":"SecureObject"},"$connections":{"defaultValue":{},"type":"Object"}},"triggers":{"Recurrence":{"recurrence":{"interval":1,"frequency":"Week","timeZone":"Arab Standard Time","schedule":{"weekDays":["Thursday"],"hours":["8"]}},"evaluatedRecurrence":{"interval":1,"frequency":"Week","timeZone":"Arab Standard Time","schedule":{"weekDays":["Thursday"],"hours":["8"]}},"type":"Recurrence"}},"actions":{"Get_items_-_Last_week":{"runAfter":{},"type":"OpenApiConnection","inputs":{"parameters":{"dataset":"https://malomatiaqsc.sharepoint.com/sites/FSTeamToDoList","table":"e00ae309-099e-4849-8890-8e8ff2bff0ba","$filter":"Created ge '@{formatDateTime(addDays(startOfDay(utcNow()), -10), 'yyyy-MM-dd')}'\nand\nCreated lt '@{formatDateTime(addDays(startOfDay(utcNow()), -2), 'yyyy-MM-dd')}'"},"host":{"apiId":"/providers/Microsoft.PowerApps/apis/shared_sharepointonline","connectionName":"shared_sharepointonline","operationId":"GetItems"},"authentication":"@parameters('$authentication')"},"runtimeConfiguration":{"paginationPolicy":{"minimumItemCount":5000}}},"Last_Week":{"runAfter":{"Get_items_-_Last_week":["Succeeded"]},"type":"Compose","inputs":"@length(outputs('Get_items_-_Last_week')?['body/value'])"},"Create_item":{"runAfter":{"Last_Week":["Succeeded"]},"type":"OpenApiConnection","inputs":{"parameters":{"dataset":"https://malomatiaqsc.sharepoint.com/sites/FSTeamToDoList","table":"c0c392c0-1751-4283-89f8-02a2313da7c6","item/FS_Last":"@outputs('Last_Week')"},"host":{"apiId":"/providers/Microsoft.PowerApps/apis/shared_sharepointonline","connectionName":"shared_sharepointonline","operationId":"PostItem"},"authentication":"@parameters('$authentication')"}},"Get_items_-_Current_week":{"runAfter":{"Create_item":["Succeeded"]},"type":"OpenApiConnection","inputs":{"parameters":{"dataset":"https://malomatiaqsc.sharepoint.com/sites/FSTeamToDoList","table":"e00ae309-099e-4849-8890-8e8ff2bff0ba","$filter":"Created ge '@{formatDateTime(addDays(utcNow(), -1), 'yyyy-MM-ddTHH:mm:ssZ')}'"},"host":{"apiId":"/providers/Microsoft.PowerApps/apis/shared_sharepointonline","connectionName":"shared_sharepointonline","operationId":"GetItems"},"authentication":"@parameters('$authentication')"},"runtimeConfiguration":{"paginationPolicy":{"minimumItemCount":5000}}},"Current_Week":{"runAfter":{"Get_items_-_Current_week":["Succeeded"]},"type":"Compose","inputs":"@length(outputs('Get_items_-_Current_week')?['body/value'])"},"Update_item":{"runAfter":{"Compose_Current_L2":["Succeeded"]},"type":"OpenApiConnection","inputs":{"parameters":{"dataset":"https://malomatiaqsc.sharepoint.com/sites/FSTeamToDoList","table":"c0c392c0-1751-4283-89f8-02a2313da7c6","id":"@outputs('Create_item')?['body/ID']","item/FS_Current":"@outputs('Current_Week')","item/L2_Current":"@outputs('Compose_Current_L2')","item/L2_Last":"@outputs('Compose_L2_last_week')"},"host":{"apiId":"/providers/Microsoft.PowerApps/apis/shared_sharepointonline","connectionName":"shared_sharepointonline","operationId":"PatchItem"},"authentication":"@parameters('$authentication')"}},"Get_items_L2_-_Last_week":{"runAfter":{"Current_Week":["Succeeded"]},"type":"OpenApiConnection","inputs":{"parameters":{"dataset":"https://malomatiaqsc.sharepoint.com/sites/L2Team","table":"9038d54c-7c61-49b5-9e20-e6a27709b8a3","$filter":"Created ge '@{formatDateTime(addDays(startOfDay(utcNow()), -11), 'yyyy-MM-dd')}'\nand\nCreated lt '@{formatDateTime(addDays(startOfDay(utcNow()), -6), 'yyyy-MM-dd')}'"},"host":{"apiId":"/providers/Microsoft.PowerApps/apis/shared_sharepointonline","connectionName":"shared_sharepointonline","operationId":"GetItems"},"authentication":"@parameters('$authentication')"},"runtimeConfiguration":{"paginationPolicy":{"minimumItemCount":5000}}},"Get_items_L2_-_Current_Week":{"runAfter":{"Compose_L2_last_week":["Succeeded"]},"type":"OpenApiConnection","inputs":{"parameters":{"dataset":"https://malomatiaqsc.sharepoint.com/sites/L2Team","table":"9038d54c-7c61-49b5-9e20-e6a27709b8a3","$filter":"Created ge '@{formatDateTime(addDays(startOfDay(utcNow()), -5), 'yyyy-MM-dd')}'"},"host":{"apiId":"/providers/Microsoft.PowerApps/apis/shared_sharepointonline","connectionName":"shared_sharepointonline","operationId":"GetItems"},"authentication":"@parameters('$authentication')"},"runtimeConfiguration":{"paginationPolicy":{"minimumItemCount":5000}}},"Compose_L2_last_week":{"runAfter":{"Get_items_L2_-_Last_week":["Succeeded"]},"type":"Compose","inputs":"@length(outputs('Get_items_L2_-_Last_week')?['body/value'])"},"Compose_Current_L2":{"runAfter":{"Get_items_L2_-_Current_Week":["Succeeded"]},"type":"Compose","inputs":"@length(outputs('Get_items_L2_-_Current_Week')?['body/value'])"},"Add_a_row_into_a_table":{"runAfter":{"Delay":["Succeeded"]},"metadata":{"01H52BRPG2IBPLXXKPA5DIONUUXGPNRZGE":"/Wor/Template.xlsx","tableId":"{303BC59B-4FB4-4DFF-A32A-8EEED8B2A3F0}"},"type":"OpenApiConnection","inputs":{"parameters":{"source":"me","drive":"b!1cnfFFNOGku_SARAC3h-drbtN1d-0WRNrOjcolqkmhAOGmnLkCjPRr9GlhYPSccG","file":"01H52BRPG2IBPLXXKPA5DIONUUXGPNRZGE","table":"{303BC59B-4FB4-4DFF-A32A-8EEED8B2A3F0}","item/FS Current week":"@outputs('Current_Week')","item/FS Last week":"@outputs('Last_Week')","item/L2 Current Week":"@outputs('Compose_Current_L2')","item/L2 Last Week":"@outputs('Compose_L2_last_week')"},"host":{"apiId":"/providers/Microsoft.PowerApps/apis/shared_excelonlinebusiness","connectionName":"shared_excelonlinebusiness","operationId":"AddRowV2"},"authentication":"@parameters('$authentication')"}},"List_rows_present_in_a_table":{"runAfter":{"Update_item":["Succeeded"]},"metadata":{"01H52BRPG2IBPLXXKPA5DIONUUXGPNRZGE":"/Wor/Template.xlsx","tableId":"{303BC59B-4FB4-4DFF-A32A-8EEED8B2A3F0}"},"type":"OpenApiConnection","inputs":{"parameters":{"source":"me","drive":"b!1cnfFFNOGku_SARAC3h-drbtN1d-0WRNrOjcolqkmhAOGmnLkCjPRr9GlhYPSccG","file":"01H52BRPG2IBPLXXKPA5DIONUUXGPNRZGE","table":"{303BC59B-4FB4-4DFF-A32A-8EEED8B2A3F0}"},"host":{"apiId":"/providers/Microsoft.PowerApps/apis/shared_excelonlinebusiness","connectionName":"shared_excelonlinebusiness","operationId":"GetItems"},"authentication":"@parameters('$authentication')"}},"For_each":{"foreach":"@outputs('List_rows_present_in_a_table')?['body/value']","actions":{"Delete_a_row":{"metadata":{"01H52BRPG2IBPLXXKPA5DIONUUXGPNRZGE":"/Wor/Template.xlsx","tableId":"{303BC59B-4FB4-4DFF-A32A-8EEED8B2A3F0}"},"type":"OpenApiConnection","inputs":{"parameters":{"source":"me","drive":"b!1cnfFFNOGku_SARAC3h-drbtN1d-0WRNrOjcolqkmhAOGmnLkCjPRr9GlhYPSccG","file":"01H52BRPG2IBPLXXKPA5DIONUUXGPNRZGE","table":"{303BC59B-4FB4-4DFF-A32A-8EEED8B2A3F0}","idColumn":"FS Current week","id":"@items('For_each')?['FS Current week']"},"host":{"apiId":"/providers/Microsoft.PowerApps/apis/shared_excelonlinebusiness","connectionName":"shared_excelonlinebusiness","operationId":"DeleteItem"},"authentication":"@parameters('$authentication')"}}},"runAfter":{"List_rows_present_in_a_table":["Succeeded"]},"type":"Foreach"},"Delay":{"runAfter":{"For_each":["Succeeded"]},"type":"Wait","inputs":{"interval":{"count":10,"unit":"Second"}}}},"outputs":{}},"connectionReferences":{"shared_sharepointonline":{"connectionName":"shared-sharepointonl-a9944b8f-3956-47e8-9c6e-40f283365407","source":"Embedded","id":"/providers/Microsoft.PowerApps/apis/shared_sharepointonline","tier":"NotSpecified","apiName":"sharepointonline","isProcessSimpleApiReferenceConversionAlreadyDone":false},"shared_excelonlinebusiness":{"connectionName":"shared-excelonlinebu-e9e6e923-9a18-49cd-8f54-a9f898b32162","source":"Embedded","id":"/providers/Microsoft.PowerApps/apis/shared_excelonlinebusiness","tier":"NotSpecified","apiName":"excelonlinebusiness","isProcessSimpleApiReferenceConversionAlreadyDone":false}},"flowFailureAlertSubscribed":false,"isManaged":false}}