{"name":"b20df157-190f-4d70-ad46-8bd275f8b5bd","id":"/providers/Microsoft.Flow/flows/b20df157-190f-4d70-ad46-8bd275f8b5bd","type":"Microsoft.Flow/flows","properties":{"apiId":"/providers/Microsoft.PowerApps/apis/shared_logicflows","displayName":"upload excel sheet- WOR","definition":{"metadata":{"workflowEntityId":null,"processAdvisorMetadata":null,"flowChargedByPaygo":null,"flowclientsuspensionreason":"None","flowclientsuspensiontime":null,"flowclientsuspensionreasondetails":null,"creator":{"id":"d1259b69-ddfc-439a-8809-fb9fbd2e314f","type":"User","tenantId":"68bae048-c310-4ec2-934f-cbc2588f30fe"},"provisioningMethod":"FromDefinition","failureAlertSubscription":true,"clientLastModifiedTime":"2025-10-16T07:15:30.6530076Z","connectionKeySavedTimeKey":"2025-10-16T07:15:15.1734583Z","creationSource":null},"$schema":"https://schema.management.azure.com/providers/Microsoft.Logic/schemas/2016-06-01/workflowdefinition.json#","contentVersion":"1.0.0.0","parameters":{"$authentication":{"defaultValue":{},"type":"SecureObject"},"$connections":{"defaultValue":{},"type":"Object"}},"triggers":{"When_a_file_is_created_(properties_only)":{"recurrence":{"frequency":"Minute","interval":1},"evaluatedRecurrence":{"frequency":"Minute","interval":1},"splitOn":"@triggerOutputs()?['body/value']","metadata":{"operationMetadataId":"a69b9073-297c-4a91-9bb0-8c8ac053ef2a"},"type":"OpenApiConnection","inputs":{"parameters":{"dataset":"https://malomatiaqsc.sharepoint.com/sites/FSTeamToDoList","table":"63435a9c-8cb3-4a64-97fa-126abc72c43e"},"host":{"apiId":"/providers/Microsoft.PowerApps/apis/shared_sharepointonline","connectionName":"shared_sharepointonline","operationId":"GetOnNewFileItems"},"authentication":"@parameters('$authentication')"}}},"actions":{"List_rows_present_in_a_table":{"runAfter":{},"metadata":{"013LC5HDY2ST56TW27MJC3URAS4ZNDP3SP":"/tickets from 07012024 - 11012024 -  Dafna.xlsx","tableId":"Table1","013LC5HDZEKAIQSUPPSVC3DU4EPWTOODL2":"/tickets from 07012024 - 11012024 -  Dafna.xlsx","013LC5HD5PLQLH5OXEZZEI5JCDYN2ALGPN":"/tickets from 07012024 - 11012024 -  Dafna.xlsx","013LC5HD3LJFEO4S32BFGJNAFVWNIJZARE":"/tickets from 03,10-09,10-2024 - Dafna-SJC.xlsx","013LC5HDZCUCWBXCH72RH3HSQ4NOM53QJI":"/tickets from 27-03,16-04,2025 all location.xlsx","operationMetadataId":"2a10b2a1-7ad4-48b9-9bce-24165e5cf3bd","013LC5HD2AEWVCAWRBYZCYCA3ZVCQ3FKHN":"/9/29 to 04-09-2024 Functional Support Al-Sadd - SJC.xlsx","013LC5HDYG5K5GCBARBJD2URPCLEBVWLYM":"/9/29 to 04-09-2024 Functional Support Dafna - SJC.xlsx","013LC5HD65Q2CKVUF2KBDLHEFMMQFP7OFB":"/9/29 to 04-09-2024 Functional Support Enforcement Court - SJC.xlsx","013LC5HD6O3WSIC6U22ZDL5CNWAGYNGJYB":"/9/29 to 04-09-2024 Functional Support Family - SJC.xlsx","013LC5HD6XTCVJOU4CQNEKPMDW5PFOBA6P":"/9/29 to 04-09-2024 Functional Support Investment and trade - SJC.xlsx","013LC5HD2Y7KDNIEU4WVB274TWY477RZRX":"/9/29 to 04-09-2024 Functional Support Lusail - SJC.xlsx","013LC5HD34CHK2J6QDZFG2BYVFC3CSXTPC":"/WOR May - 2025 - 15.xlsx"},"type":"OpenApiConnection","inputs":{"parameters":{"source":"sites/malomatiaqsc.sharepoint.com,4a25d54b-a32c-422c-bfac-143689679420,3e8e1e78-c04c-4533-bce6-431e48a0314a","drive":"b!S9UlSiyjLEK_rBQ2iWeUIHgejj5MwDNFvOZDHkigMUqcWkNjs4xkSpf6Emq8csQ-","file":"@triggerBody()?['{Identifier}']","table":"Table1","dateTimeFormat":"ISO 8601"},"host":{"apiId":"/providers/Microsoft.PowerApps/apis/shared_excelonlinebusiness","connectionName":"shared_excelonlinebusiness","operationId":"GetItems"},"authentication":"@parameters('$authentication')"},"runtimeConfiguration":{"paginationPolicy":{"minimumItemCount":5000}}},"For_each":{"foreach":"@outputs('List_rows_present_in_a_table')?['body/value']","actions":{"Filter_service_recipent":{"runAfter":{"Court_Users":["Succeeded"]},"metadata":{"operationMetadataId":"84d6d036-71bc-496f-819d-5ef2bb9345d4"},"type":"Query","inputs":{"from":"@outputs('Get_items')?['body/value']","where":"@equals(toLower(coalesce(item()?['SJCEmail'], '')),outputs('Court_Users'))"}},"Court_Users":{"metadata":{"operationMetadataId":"23c068fe-b7ec-46c7-8270-749f1277e5db"},"type":"Compose","inputs":"@toLower(coalesce(item()?['Service Recipient'], ''))\r\n"},"Filter_array_by_resolver":{"runAfter":{"Filter_service_recipent":["Succeeded"]},"metadata":{"operationMetadataId":"c6e62694-8967-4938-a8ff-9cd11caa37c1"},"type":"Query","inputs":{"from":"@outputs('Get_items')?['body/value']","where":"@equals(toLower(item()?['SJCEmail']),toLower(coalesce(items('For_each')?['Resolved by'], '')))"}},"Condition":{"actions":{"Update_item":{"metadata":{"operationMetadataId":"c05f2450-a721-4808-b8fb-edb3bc89edcc"},"type":"OpenApiConnection","inputs":{"parameters":{"dataset":"https://malomatiaqsc.sharepoint.com/sites/FSTeamToDoList","table":"e00ae309-099e-4849-8890-8e8ff2bff0ba","id":"@outputs('Get_items_from_WOR')?['body/value'][0]?['ID']","item/Title":"@items('For_each')?['Interaction ID']","item/field_1":"@items('For_each')?['Related Incident']","item/field_2":"@items('For_each')?['Status']","item/field_3":"@items('For_each')?['Service Recipient']","item/field_5":"@items('For_each')?['Resolver Group']","item/field_6":"@items('For_each')?['Resolved by']","item/field_7":"@items('For_each')?['Description']","item/field_8":"@items('For_each')?['Solution']","item/TicketType":"@items('For_each')?['Type']","item/TicketTitle":"@items('For_each')?['Title']","item/OpenTime":"@if(empty(item()?['Open Time']), 'null', formatDateTime(item()?['Open Time'], 'dd/MM/yyyy'))\r\n","item/ResolvedTime":"@if(empty(item()?['Actual Resolved Time']), 'null', formatDateTime(item()?['Actual Resolved Time'], 'dd/MM/yyyy'))\r\n","item/CourtName":"@outputs('CourtName')"},"host":{"apiId":"/providers/Microsoft.PowerApps/apis/shared_sharepointonline","connectionName":"shared_sharepointonline","operationId":"PatchItem"},"authentication":"@parameters('$authentication')"}}},"runAfter":{"Get_items_from_WOR":["Succeeded"]},"else":{"actions":{"Condition_service_recipent":{"actions":{"Create_item_1":{"metadata":{"operationMetadataId":"7b44ed2d-417c-4005-87c3-26ba9d087be4"},"type":"OpenApiConnection","inputs":{"parameters":{"dataset":"https://malomatiaqsc.sharepoint.com/sites/FSTeamToDoList","table":"e00ae309-099e-4849-8890-8e8ff2bff0ba","item/Title":"@items('For_each')?['Interaction ID']","item/field_1":"@items('For_each')?['Related Incident']","item/field_2":"@items('For_each')?['Status']","item/field_3":"@items('For_each')?['Service Recipient']","item/field_5":"@items('For_each')?['Resolver Group']","item/field_6":"@items('For_each')?['Resolved by']","item/field_7":"@items('For_each')?['Description']","item/field_8":"@items('For_each')?['Solution']","item/TicketType":"@items('For_each')?['Type']","item/TicketTitle":"@items('For_each')?['Title']","item/OpenTime":"@if(empty(item()?['Open Time']), 'null', formatDateTime(item()?['Open Time'], 'dd/MM/yyyy'))\r\n","item/ResolvedTime":"@if(empty(item()?['Actual Resolved Time']), 'null', formatDateTime(item()?['Actual Resolved Time'], 'dd/MM/yyyy'))\r\n","item/CourtName":"@outputs('CourtName')"},"host":{"apiId":"/providers/Microsoft.PowerApps/apis/shared_sharepointonline","connectionName":"shared_sharepointonline","operationId":"PostItem"},"authentication":"@parameters('$authentication')"}}},"else":{"actions":{"Condition_resolver":{"actions":{"Condition_1":{"actions":{"Create_item_2":{"metadata":{"operationMetadataId":"34a2a14e-5f10-4dad-8a20-b09154639377"},"type":"OpenApiConnection","inputs":{"parameters":{"dataset":"https://malomatiaqsc.sharepoint.com/sites/FSTeamToDoList","table":"e00ae309-099e-4849-8890-8e8ff2bff0ba","item/Title":"@items('For_each')?['Interaction ID']","item/field_1":"@items('For_each')?['Related Incident']","item/field_2":"@items('For_each')?['Status']","item/field_3":"@items('For_each')?['Service Recipient']","item/field_5":"@items('For_each')?['Resolver Group']","item/field_6":"@items('For_each')?['Resolved by']","item/field_7":"@items('For_each')?['Description']","item/field_8":"@items('For_each')?['Solution']","item/TicketType":"@items('For_each')?['Type']","item/TicketTitle":"@items('For_each')?['Title']","item/OpenTime":"@if(empty(item()?['Open Time']), 'null', formatDateTime(item()?['Open Time'], 'dd/MM/yyyy'))\r\n","item/ResolvedTime":"@if(empty(item()?['Actual Resolved Time']), 'null', formatDateTime(item()?['Actual Resolved Time'], 'dd/MM/yyyy'))\r\n","item/Category/Value":"مهام إدارية","item/Department/Value":"إداري","item/CourtName":"@outputs('CourtName')"},"host":{"apiId":"/providers/Microsoft.PowerApps/apis/shared_sharepointonline","connectionName":"shared_sharepointonline","operationId":"PostItem"},"authentication":"@parameters('$authentication')"}}},"else":{"actions":{"Create_item":{"metadata":{"operationMetadataId":"7775f29f-0e67-4214-991c-1ee2388432a0"},"type":"OpenApiConnection","inputs":{"parameters":{"dataset":"https://malomatiaqsc.sharepoint.com/sites/FSTeamToDoList","table":"e00ae309-099e-4849-8890-8e8ff2bff0ba","item/Title":"@items('For_each')?['Interaction ID']","item/field_1":"@items('For_each')?['Related Incident']","item/field_2":"@items('For_each')?['Status']","item/field_3":"@items('For_each')?['Service Recipient']","item/field_5":"@items('For_each')?['Resolver Group']","item/field_6":"@items('For_each')?['Resolved by']","item/field_7":"@items('For_each')?['Description']","item/field_8":"@items('For_each')?['Solution']","item/TicketType":"@items('For_each')?['Type']","item/TicketTitle":"@items('For_each')?['Title']","item/OpenTime":"@if(empty(item()?['Open Time']), 'null', formatDateTime(item()?['Open Time'], 'dd/MM/yyyy'))\r\n","item/ResolvedTime":"@if(empty(item()?['Actual Resolved Time']), 'null', formatDateTime(item()?['Actual Resolved Time'], 'dd/MM/yyyy'))\r\n","item/CourtName":"@outputs('CourtName')"},"host":{"apiId":"/providers/Microsoft.PowerApps/apis/shared_sharepointonline","connectionName":"shared_sharepointonline","operationId":"PostItem"},"authentication":"@parameters('$authentication')"}}}},"expression":{"and":[{"equals":["@items('For_each')?['Service Recipient']","Mhafsa@sjc.gov.qa"]}]},"type":"If"}},"else":{"actions":{}},"expression":{"and":[{"greater":["@length(body('Filter_array_by_resolver'))",0]}]},"metadata":{"operationMetadataId":"935f90ba-96b2-4658-9aaa-b42303bdfce0"},"type":"If"}}},"expression":{"and":[{"greater":["@length(body('Filter_service_recipent'))",0]}]},"metadata":{"operationMetadataId":"73d9aec8-1ddc-4f50-ba02-86bcf946f85a"},"type":"If"}}},"expression":{"and":[{"greater":["@length(outputs('Get_items_from_WOR')?['body/value'])",0]}]},"metadata":{"operationMetadataId":"09bd96d5-3035-4ad5-9c9a-e9b13c5871f5"},"type":"If"},"Get_items_from_WOR":{"runAfter":{"CourtName":["Succeeded"]},"metadata":{"operationMetadataId":"b4b98899-016b-4578-b90e-0f9c87f0acba"},"type":"OpenApiConnection","inputs":{"parameters":{"dataset":"https://malomatiaqsc.sharepoint.com/sites/FSTeamToDoList","table":"e00ae309-099e-4849-8890-8e8ff2bff0ba","$filter":"LinkTitle eq '@{items('For_each')?['Interaction ID']}'"},"host":{"apiId":"/providers/Microsoft.PowerApps/apis/shared_sharepointonline","connectionName":"shared_sharepointonline","operationId":"GetItems"},"authentication":"@parameters('$authentication')"}},"CourtName":{"runAfter":{"Filter_array_by_resolver":["Succeeded"]},"metadata":{"operationMetadataId":"074e12f6-0cff-4807-a80a-8582ef9d2253"},"type":"Compose","inputs":"@if(\r\n  and(\r\n    not(empty(body('Filter_array_by_resolver'))),\r\n    not(empty(body('Filter_array_by_resolver')[0]?['courtName']))\r\n  ),\r\n  body('Filter_array_by_resolver')[0]?['courtName'],\r\n  if(\r\n    and(\r\n      not(empty(body('Filter_service_recipent'))),\r\n      not(empty(body('Filter_service_recipent')[0]?['courtName']))\r\n    ),\r\n    body('Filter_service_recipent')[0]?['courtName'],\r\n    'N/A'\r\n  )\r\n)\r\n"}},"runAfter":{"Initialize_variable":["Succeeded"]},"metadata":{"operationMetadataId":"b3a226b0-a16d-4cd8-bcae-26b47f598622"},"type":"Foreach"},"Get_items":{"runAfter":{"List_rows_present_in_a_table":["Succeeded"]},"metadata":{"operationMetadataId":"1467a1fc-e5c9-4180-9710-e37df4f3c35f"},"type":"OpenApiConnection","inputs":{"parameters":{"dataset":"https://malomatiaqsc.sharepoint.com/sites/FSTeamToDoList","table":"de4fff1a-c1c0-4e03-a19a-fbae84ff6969","view":"bda9b1a5-abed-4fd6-b401-7791ef67088e"},"host":{"apiId":"/providers/Microsoft.PowerApps/apis/shared_sharepointonline","connectionName":"shared_sharepointonline","operationId":"GetItems"},"authentication":"@parameters('$authentication')"},"runtimeConfiguration":{"paginationPolicy":{"minimumItemCount":5000}}},"Initialize_variable":{"runAfter":{"Get_items":["Succeeded"]},"metadata":{"operationMetadataId":"5fee29fc-e8f9-4b57-9880-dc816c0ca793"},"type":"InitializeVariable","inputs":{"variables":[{"name":"CreatedItem","type":"string"}]}},"Send_an_email_(V2)":{"runAfter":{"For_each":["Succeeded"]},"metadata":{"operationMetadataId":"5bc6555f-f217-4fb3-bfe6-db7568b3efef"},"type":"OpenApiConnection","inputs":{"parameters":{"emailMessage/To":"mhafsa@malomatia.com","emailMessage/Subject":"Weekly Operation Report Data Uploaded and Tasks Assigned","emailMessage/Body":"<p class=\"editor-paragraph\">This is an automated email to inform you that the data for this week has been successfully uploaded to the Weekly Operation Report list.<br><br>Additionally, tasks have been created in the To-Do List for each supervisor, assigned to their respective courts.<br><br>Best regards,</p><br>","emailMessage/Importance":"Normal"},"host":{"apiId":"/providers/Microsoft.PowerApps/apis/shared_office365","connectionName":"shared_office365","operationId":"SendEmailV2"},"authentication":"@parameters('$authentication')"}}},"outputs":{}},"connectionReferences":{"shared_sharepointonline":{"connectionName":"shared-sharepointonl-a9944b8f-3956-47e8-9c6e-40f283365407","source":"Embedded","id":"/providers/Microsoft.PowerApps/apis/shared_sharepointonline","tier":"NotSpecified","apiName":"sharepointonline","isProcessSimpleApiReferenceConversionAlreadyDone":false},"shared_excelonlinebusiness":{"connectionName":"shared-excelonlinebu-0bafe3b8-5ba7-43c2-99ee-b0bb9d5c96a6","source":"Embedded","id":"/providers/Microsoft.PowerApps/apis/shared_excelonlinebusiness","tier":"NotSpecified","apiName":"excelonlinebusiness","isProcessSimpleApiReferenceConversionAlreadyDone":false},"shared_office365":{"connectionName":"shared-office365-4e358da7-cec2-47c6-9bf9-f111a88d7a20","source":"Embedded","id":"/providers/Microsoft.PowerApps/apis/shared_office365","tier":"NotSpecified","apiName":"office365","isProcessSimpleApiReferenceConversionAlreadyDone":false}},"flowFailureAlertSubscribed":false,"isManaged":false}}