{"name":"1d7b0192-1cca-4d08-b0b5-cec3ec1ef5d4","id":"/providers/Microsoft.Flow/flows/1d7b0192-1cca-4d08-b0b5-cec3ec1ef5d4","type":"Microsoft.Flow/flows","properties":{"apiId":"/providers/Microsoft.PowerApps/apis/shared_logicflows","displayName":"WOR - CR/ECR & متطلبات المحكمة","definition":{"metadata":{"workflowEntityId":null,"processAdvisorMetadata":null,"flowChargedByPaygo":null,"flowclientsuspensionreason":"None","flowclientsuspensiontime":null,"flowclientsuspensionreasondetails":null,"creator":{"id":"d1259b69-ddfc-439a-8809-fb9fbd2e314f","type":"User","tenantId":"68bae048-c310-4ec2-934f-cbc2588f30fe"},"provisioningMethod":"FromDefinition","failureAlertSubscription":true,"clientLastModifiedTime":"2025-11-13T06:48:16.9187643Z","connectionKeySavedTimeKey":"2025-11-13T06:48:16.9187643Z","creationSource":"Portal","modifiedSources":"Portal"},"$schema":"https://schema.management.azure.com/providers/Microsoft.Logic/schemas/2016-06-01/workflowdefinition.json#","contentVersion":"1.0.0.0","parameters":{"$authentication":{"defaultValue":{},"type":"SecureObject"},"$connections":{"defaultValue":{},"type":"Object"}},"triggers":{"Recurrence":{"recurrence":{"frequency":"Week","interval":1,"timeZone":"Arab Standard Time","schedule":{"weekDays":["Thursday"],"hours":["8"]}},"evaluatedRecurrence":{"frequency":"Week","interval":1,"timeZone":"Arab Standard Time","schedule":{"weekDays":["Thursday"],"hours":["8"]}},"metadata":{"operationMetadataId":"0e087cf6-9b9b-43d6-b6b2-a577ab667915"},"type":"Recurrence"}},"actions":{"Get_items":{"runAfter":{},"metadata":{"operationMetadataId":"029ffc3e-1c76-4301-805e-54d492fffa13"},"type":"OpenApiConnection","inputs":{"parameters":{"dataset":"https://malomatiaqsc.sharepoint.com/sites/FSTeamToDoList","table":"e0b3de98-109a-4fea-b4fc-0df5d28f780c","$filter":"Created ge '@{formatDateTime(addDays(startOfDay(utcNow()), -7), 'yyyy-MM-dd')}'"},"host":{"apiId":"/providers/Microsoft.PowerApps/apis/shared_sharepointonline","connectionName":"shared_sharepointonline","operationId":"GetItems"},"authentication":"@parameters('$authentication')"}},"List_rows_present_in_a_table":{"runAfter":{"Get_items":["Succeeded"]},"metadata":{"01H52BRPG2IBPLXXKPA5DIONUUXGPNRZGE":"/Wor/Template.xlsx","tableId":"{CE00459B-87CB-44EA-BF77-83444FEC86EE}","operationMetadataId":"ba78e98a-c53c-4dda-965b-ff34579d7f72"},"type":"OpenApiConnection","inputs":{"parameters":{"source":"me","drive":"b!1cnfFFNOGku_SARAC3h-drbtN1d-0WRNrOjcolqkmhAOGmnLkCjPRr9GlhYPSccG","file":"01H52BRPG2IBPLXXKPA5DIONUUXGPNRZGE","table":"{CE00459B-87CB-44EA-BF77-83444FEC86EE}"},"host":{"apiId":"/providers/Microsoft.PowerApps/apis/shared_excelonlinebusiness","connectionName":"shared_excelonlinebusiness","operationId":"GetItems"},"authentication":"@parameters('$authentication')"}},"For_each":{"foreach":"@outputs('List_rows_present_in_a_table')?['body/value']","actions":{"Delete_a_row":{"metadata":{"01H52BRPG2IBPLXXKPA5DIONUUXGPNRZGE":"/Wor/Template.xlsx","tableId":"{CE00459B-87CB-44EA-BF77-83444FEC86EE}","operationMetadataId":"eb88c038-038f-4057-9579-58ee20663164"},"type":"OpenApiConnection","inputs":{"parameters":{"source":"me","drive":"b!1cnfFFNOGku_SARAC3h-drbtN1d-0WRNrOjcolqkmhAOGmnLkCjPRr9GlhYPSccG","file":"01H52BRPG2IBPLXXKPA5DIONUUXGPNRZGE","table":"{CE00459B-87CB-44EA-BF77-83444FEC86EE}","idColumn":"رقم التذكرة","id":"@items('For_each')?['رقم التذكرة']"},"host":{"apiId":"/providers/Microsoft.PowerApps/apis/shared_excelonlinebusiness","connectionName":"shared_excelonlinebusiness","operationId":"DeleteItem"},"authentication":"@parameters('$authentication')"}}},"runAfter":{"List_rows_present_in_a_table":["Succeeded"]},"metadata":{"operationMetadataId":"809a151b-ab68-42a7-a0e8-814bbcc26d8d"},"type":"Foreach"},"Delay":{"runAfter":{"For_each":["Succeeded"]},"metadata":{"operationMetadataId":"55f4ba90-cfac-4eb0-885b-57c6314e9d31"},"type":"Wait","inputs":{"interval":{"count":10,"unit":"Second"}}},"For_each_1":{"foreach":"@outputs('Get_items')?['body/value']","actions":{"Add_a_row_into_a_table":{"metadata":{"01H52BRPG2IBPLXXKPA5DIONUUXGPNRZGE":"/Wor/Template.xlsx","tableId":"{CE00459B-87CB-44EA-BF77-83444FEC86EE}","operationMetadataId":"f7f41547-1bd1-46aa-9ec6-27f1ec666221"},"type":"OpenApiConnection","inputs":{"parameters":{"source":"me","drive":"b!1cnfFFNOGku_SARAC3h-drbtN1d-0WRNrOjcolqkmhAOGmnLkCjPRr9GlhYPSccG","file":"01H52BRPG2IBPLXXKPA5DIONUUXGPNRZGE","table":"{CE00459B-87CB-44EA-BF77-83444FEC86EE}","item/رقم التذكرة":"@items('For_each_1')?['TicketNumber']","item/تاريخ التذكرة":"@items('For_each_1')?['TicketDate']","item/المحكمة":"@items('For_each_1')?['Court']","item/وصف التذكرة":"@items('For_each_1')?['TicketDescription']"},"host":{"apiId":"/providers/Microsoft.PowerApps/apis/shared_excelonlinebusiness","connectionName":"shared_excelonlinebusiness","operationId":"AddRowV2"},"authentication":"@parameters('$authentication')"}}},"runAfter":{"Delay":["Succeeded"]},"metadata":{"operationMetadataId":"c86eba86-2ca6-48fb-98c1-ba14d0be8dce"},"type":"Foreach"},"Get_items_2":{"runAfter":{},"metadata":{"operationMetadataId":"bfeccfc0-0ec2-4304-89dd-c1f758f1a3b4"},"type":"OpenApiConnection","inputs":{"parameters":{"dataset":"https://malomatiaqsc.sharepoint.com/sites/FSTeamToDoList","table":"feda3076-beb4-47a4-853c-b3dd9409743c","$filter":"Created ge '@{formatDateTime(addDays(startOfDay(utcNow()), -7), 'yyyy-MM-dd')}'"},"host":{"apiId":"/providers/Microsoft.PowerApps/apis/shared_sharepointonline","connectionName":"shared_sharepointonline","operationId":"GetItems"},"authentication":"@parameters('$authentication')"}},"List_rows_present_in_a_table_2":{"runAfter":{"Get_items_2":["Succeeded"]},"metadata":{"01H52BRPG2IBPLXXKPA5DIONUUXGPNRZGE":"/Wor/Template.xlsx","tableId":"{9852860C-5C6D-49B4-9AAF-0ED714BF00E2}","operationMetadataId":"ba78e98a-c53c-4dda-965b-ff34579d7f72"},"type":"OpenApiConnection","inputs":{"parameters":{"source":"me","drive":"b!1cnfFFNOGku_SARAC3h-drbtN1d-0WRNrOjcolqkmhAOGmnLkCjPRr9GlhYPSccG","file":"01H52BRPG2IBPLXXKPA5DIONUUXGPNRZGE","table":"{9852860C-5C6D-49B4-9AAF-0ED714BF00E2}"},"host":{"apiId":"/providers/Microsoft.PowerApps/apis/shared_excelonlinebusiness","connectionName":"shared_excelonlinebusiness","operationId":"GetItems"},"authentication":"@parameters('$authentication')"}},"Delay_2":{"runAfter":{"For_each_2":["Succeeded"]},"metadata":{"operationMetadataId":"55f4ba90-cfac-4eb0-885b-57c6314e9d31"},"type":"Wait","inputs":{"interval":{"count":10,"unit":"Second"}}},"For_each_2":{"foreach":"@outputs('List_rows_present_in_a_table_2')?['body/value']","actions":{"Delete_a_row_1":{"metadata":{"01H52BRPG2IBPLXXKPA5DIONUUXGPNRZGE":"/Wor/Template.xlsx","tableId":"{9852860C-5C6D-49B4-9AAF-0ED714BF00E2}"},"type":"OpenApiConnection","inputs":{"parameters":{"source":"me","drive":"b!1cnfFFNOGku_SARAC3h-drbtN1d-0WRNrOjcolqkmhAOGmnLkCjPRr9GlhYPSccG","file":"01H52BRPG2IBPLXXKPA5DIONUUXGPNRZGE","table":"{9852860C-5C6D-49B4-9AAF-0ED714BF00E2}","idColumn":"Subject","id":"@items('For_each_2')?['Subject']"},"host":{"apiId":"/providers/Microsoft.PowerApps/apis/shared_excelonlinebusiness","connectionName":"shared_excelonlinebusiness","operationId":"DeleteItem"},"authentication":"@parameters('$authentication')"}}},"runAfter":{"List_rows_present_in_a_table_2":["Succeeded"]},"type":"Foreach"},"For_each_3":{"foreach":"@outputs('Get_items_2')?['body/value']","actions":{"Add_a_row_into_a_table_1":{"metadata":{"01H52BRPG2IBPLXXKPA5DIONUUXGPNRZGE":"/Wor/Template.xlsx","tableId":"{9852860C-5C6D-49B4-9AAF-0ED714BF00E2}"},"type":"OpenApiConnection","inputs":{"parameters":{"source":"me","drive":"b!1cnfFFNOGku_SARAC3h-drbtN1d-0WRNrOjcolqkmhAOGmnLkCjPRr9GlhYPSccG","file":"01H52BRPG2IBPLXXKPA5DIONUUXGPNRZGE","table":"{9852860C-5C6D-49B4-9AAF-0ED714BF00E2}","item/CR~1ECR":"@items('For_each_3')?['CR_x002f_ECR']","item/Subject":"@items('For_each_3')?['Subject']","item/Deployment Date":"@items('For_each_3')?['DeploymentDate']"},"host":{"apiId":"/providers/Microsoft.PowerApps/apis/shared_excelonlinebusiness","connectionName":"shared_excelonlinebusiness","operationId":"AddRowV2"},"authentication":"@parameters('$authentication')"}}},"runAfter":{"Delay_2":["Succeeded"]},"type":"Foreach"}},"outputs":{}},"connectionReferences":{"shared_sharepointonline":{"connectionName":"shared-sharepointonl-a9944b8f-3956-47e8-9c6e-40f283365407","source":"Embedded","id":"/providers/Microsoft.PowerApps/apis/shared_sharepointonline","tier":"NotSpecified","apiName":"sharepointonline","isProcessSimpleApiReferenceConversionAlreadyDone":false},"shared_excelonlinebusiness":{"connectionName":"shared-excelonlinebu-e9e6e923-9a18-49cd-8f54-a9f898b32162","source":"Embedded","id":"/providers/Microsoft.PowerApps/apis/shared_excelonlinebusiness","tier":"NotSpecified","apiName":"excelonlinebusiness","isProcessSimpleApiReferenceConversionAlreadyDone":false}},"flowFailureAlertSubscribed":false,"isManaged":false}}