{"name":"f1cfda84-488b-4b1e-ad4c-d9e28ffc253f","id":"/providers/Microsoft.Flow/flows/f1cfda84-488b-4b1e-ad4c-d9e28ffc253f","type":"Microsoft.Flow/flows","properties":{"apiId":"/providers/Microsoft.PowerApps/apis/shared_logicflows","displayName":"Extract excel data - WOR","definition":{"metadata":{"workflowEntityId":null,"processAdvisorMetadata":null,"flowChargedByPaygo":null,"flowclientsuspensionreason":"None","flowclientsuspensiontime":null,"flowclientsuspensionreasondetails":null,"creator":{"id":"d1259b69-ddfc-439a-8809-fb9fbd2e314f","type":"User","tenantId":"68bae048-c310-4ec2-934f-cbc2588f30fe"},"provisioningMethod":"FromDefinition","failureAlertSubscription":true,"clientLastModifiedTime":"2025-11-12T08:01:02.2088475Z","connectionKeySavedTimeKey":"2025-11-12T08:01:02.2088475Z","creationSource":"Portal","modifiedSources":"Portal"},"$schema":"https://schema.management.azure.com/providers/Microsoft.Logic/schemas/2016-06-01/workflowdefinition.json#","contentVersion":"1.0.0.0","parameters":{"$authentication":{"defaultValue":{},"type":"SecureObject"},"$connections":{"defaultValue":{},"type":"Object"}},"triggers":{"Recurrence":{"recurrence":{"frequency":"Week","interval":1,"timeZone":"Arab Standard Time","schedule":{"weekDays":["Monday","Tuesday","Wednesday","Thursday","Sunday"],"hours":["14","12","15","10"],"minutes":[15]}},"evaluatedRecurrence":{"frequency":"Week","interval":1,"timeZone":"Arab Standard Time","schedule":{"weekDays":["Monday","Tuesday","Wednesday","Thursday","Sunday"],"hours":["14","12","15","10"],"minutes":[15]}},"metadata":{"operationMetadataId":"b45fd13d-e9f2-45b1-872c-c00f6739ad16"},"type":"Recurrence"}},"actions":{"Get_items_-_acknowledgment_":{"runAfter":{},"metadata":{"operationMetadataId":"fa54d1da-a67d-4eda-93f0-7f1affd39545"},"type":"OpenApiConnection","inputs":{"parameters":{"dataset":"https://malomatiaqsc.sharepoint.com/sites/FSTeamToDoList","table":"f27b54a2-50e7-4df7-bf24-97273b9829f0","$filter":"Sent eq 'Still'"},"host":{"apiId":"/providers/Microsoft.PowerApps/apis/shared_sharepointonline","connectionName":"shared_sharepointonline","operationId":"GetItems"},"authentication":"@parameters('$authentication')"}},"Condition":{"actions":{"Get_-_Current_WOR_-_data":{"metadata":{"operationMetadataId":"67d4a96a-283d-4180-ab6d-b836eec458b7"},"type":"OpenApiConnection","inputs":{"parameters":{"dataset":"https://malomatiaqsc.sharepoint.com/sites/FSTeamToDoList","table":"e0727e5e-bcd2-48fc-8c3f-ddd553ff0b27"},"host":{"apiId":"/providers/Microsoft.PowerApps/apis/shared_sharepointonline","connectionName":"shared_sharepointonline","operationId":"GetItems"},"authentication":"@parameters('$authentication')"},"runtimeConfiguration":{"paginationPolicy":{"minimumItemCount":5000}}},"Apply_to_each":{"foreach":"@outputs('Get_-_Current_WOR_-_data')?['body/value']","actions":{"Delete_item":{"metadata":{"operationMetadataId":"73b29ffe-04eb-4444-b8e5-7ff8bb0e6863"},"type":"OpenApiConnection","inputs":{"parameters":{"dataset":"https://malomatiaqsc.sharepoint.com/sites/FSTeamToDoList","table":"e0727e5e-bcd2-48fc-8c3f-ddd553ff0b27","id":"@items('Apply_to_each')?['ID']"},"host":{"apiId":"/providers/Microsoft.PowerApps/apis/shared_sharepointonline","connectionName":"shared_sharepointonline","operationId":"DeleteItem"},"authentication":"@parameters('$authentication')"}}},"runAfter":{"Get_-_Current_WOR_-_data":["Succeeded"]},"metadata":{"operationMetadataId":"a8459d9b-aa57-41bd-b25c-d9703850675b"},"type":"Foreach"},"Get_-_WOR":{"runAfter":{"Apply_to_each":["Succeeded"]},"metadata":{"operationMetadataId":"27e90332-006c-4c36-a104-673cb3650fd7"},"type":"OpenApiConnection","inputs":{"parameters":{"dataset":"https://malomatiaqsc.sharepoint.com/sites/FSTeamToDoList","table":"e00ae309-099e-4849-8890-8e8ff2bff0ba","$filter":"Created ge '@{formatDateTime(addDays(utcNow(), -5), 'yyyy-MM-ddTHH:mm:ssZ')}'\n"},"host":{"apiId":"/providers/Microsoft.PowerApps/apis/shared_sharepointonline","connectionName":"shared_sharepointonline","operationId":"GetItems"},"authentication":"@parameters('$authentication')"},"runtimeConfiguration":{"paginationPolicy":{"minimumItemCount":5000}}},"Apply_to_each_1":{"foreach":"@outputs('Get_-_WOR')?['body/value']","actions":{"Create_item":{"metadata":{"operationMetadataId":"cf5ea5c6-25c2-44f6-8801-ef425e41bc55"},"type":"OpenApiConnection","inputs":{"parameters":{"dataset":"https://malomatiaqsc.sharepoint.com/sites/FSTeamToDoList","table":"e0727e5e-bcd2-48fc-8c3f-ddd553ff0b27","item/InteractionID":"@items('Apply_to_each_1')?['Title']","item/CourtName":"@items('Apply_to_each_1')?['CourtName']","item/Category":"@items('Apply_to_each_1')?['Category/Value']","item/Department":"@items('Apply_to_each_1')?['Department/Value']","item/SubCategory":"@items('Apply_to_each_1')?['SubCategory/Value']"},"host":{"apiId":"/providers/Microsoft.PowerApps/apis/shared_sharepointonline","connectionName":"shared_sharepointonline","operationId":"PostItem"},"authentication":"@parameters('$authentication')"}}},"runAfter":{"Get_-_WOR":["Succeeded"]},"metadata":{"operationMetadataId":"cef6f0bd-386a-4ea6-90df-1050f48f9ed8"},"type":"Foreach"},"List_rows_present_in_a_table":{"runAfter":{"Apply_to_each_1":["Succeeded"]},"metadata":{"01H52BRPHCMW5DWBIHC5HY5VRMSG52O4JP":"/Wor/Template.xlsx","tableId":"{C936A6A7-A49A-452B-8B2B-072DFB519E65}","operationMetadataId":"5f4ddb4a-88b9-4182-ab28-ba24e4e2f9e8","01H52BRPG2IBPLXXKPA5DIONUUXGPNRZGE":"/Wor/Template.xlsx"},"type":"OpenApiConnection","inputs":{"parameters":{"source":"me","drive":"b!1cnfFFNOGku_SARAC3h-drbtN1d-0WRNrOjcolqkmhAOGmnLkCjPRr9GlhYPSccG","file":"01H52BRPG2IBPLXXKPA5DIONUUXGPNRZGE","table":"{C936A6A7-A49A-452B-8B2B-072DFB519E65}"},"host":{"apiId":"/providers/Microsoft.PowerApps/apis/shared_excelonlinebusiness","connectionName":"shared_excelonlinebusiness","operationId":"GetItems"},"authentication":"@parameters('$authentication')"},"runtimeConfiguration":{"paginationPolicy":{"minimumItemCount":5000}}},"For_each_1":{"foreach":"@outputs('List_rows_present_in_a_table')?['body/value']","actions":{"Delete_a_row":{"metadata":{"01H52BRPHCMW5DWBIHC5HY5VRMSG52O4JP":"/Wor/Template.xlsx","tableId":"{C936A6A7-A49A-452B-8B2B-072DFB519E65}","operationMetadataId":"0e327f60-11d2-4975-899b-60f1ac23f54b","01H52BRPG2IBPLXXKPA5DIONUUXGPNRZGE":"/Wor/Template.xlsx"},"type":"OpenApiConnection","inputs":{"parameters":{"source":"me","drive":"b!1cnfFFNOGku_SARAC3h-drbtN1d-0WRNrOjcolqkmhAOGmnLkCjPRr9GlhYPSccG","file":"01H52BRPG2IBPLXXKPA5DIONUUXGPNRZGE","table":"{C936A6A7-A49A-452B-8B2B-072DFB519E65}","idColumn":"InteractionID","id":"@items('For_each_1')?['InteractionID']"},"host":{"apiId":"/providers/Microsoft.PowerApps/apis/shared_excelonlinebusiness","connectionName":"shared_excelonlinebusiness","operationId":"DeleteItem"},"authentication":"@parameters('$authentication')"}}},"runAfter":{"List_rows_present_in_a_table":["Succeeded"]},"metadata":{"operationMetadataId":"3ff21a98-61b8-41d5-9755-ceefb5cd5c1c"},"type":"Foreach"},"For_each":{"foreach":"@outputs('Get_-_Current_WOR_-_data_2')?['body/value']","actions":{"Add_a_row_into_a_table":{"metadata":{"01H52BRPHCMW5DWBIHC5HY5VRMSG52O4JP":"/Wor/Template.xlsx","tableId":"{C936A6A7-A49A-452B-8B2B-072DFB519E65}","operationMetadataId":"7e0eb909-408f-41db-8349-44df04cb8010","01H52BRPG2IBPLXXKPA5DIONUUXGPNRZGE":"/Wor/Template.xlsx"},"type":"OpenApiConnection","inputs":{"parameters":{"source":"me","drive":"b!1cnfFFNOGku_SARAC3h-drbtN1d-0WRNrOjcolqkmhAOGmnLkCjPRr9GlhYPSccG","file":"01H52BRPG2IBPLXXKPA5DIONUUXGPNRZGE","table":"{C936A6A7-A49A-452B-8B2B-072DFB519E65}","item/InteractionID":"@items('For_each')?['InteractionID']","item/CourtName":"@items('For_each')?['CourtName']","item/Category":"@items('For_each')?['Category']","item/Department":"@items('For_each')?['Department']","item/SubCategory":"@items('For_each')?['SubCategory']"},"host":{"apiId":"/providers/Microsoft.PowerApps/apis/shared_excelonlinebusiness","connectionName":"shared_excelonlinebusiness","operationId":"AddRowV2"},"authentication":"@parameters('$authentication')"}}},"runAfter":{"Get_-_Current_WOR_-_data_2":["Succeeded"]},"metadata":{"operationMetadataId":"8640f7bf-0f39-44ce-adfe-868377c6c5a6"},"type":"Foreach"},"Get_file_content":{"runAfter":{"Delay":["Succeeded"]},"metadata":{"b!1cnfFFNOGku_SARAC3h-drbtN1d-0WRNrOjcolqkmhAOGmnLkCjPRr9GlhYPSccG.01H52BRPHCMW5DWBIHC5HY5VRMSG52O4JP":"/Wor/Template.xlsx","operationMetadataId":"5bccc64a-1a94-47a6-9493-2dbc53af5164"},"type":"OpenApiConnection","inputs":{"parameters":{"id":"b!1cnfFFNOGku_SARAC3h-drbtN1d-0WRNrOjcolqkmhAOGmnLkCjPRr9GlhYPSccG.01H52BRPHCMW5DWBIHC5HY5VRMSG52O4JP","inferContentType":true},"host":{"apiId":"/providers/Microsoft.PowerApps/apis/shared_onedriveforbusiness","connectionName":"shared_onedriveforbusiness","operationId":"GetFileContent"},"authentication":"@parameters('$authentication')"}},"Send_an_email_(V2)":{"runAfter":{"Get_file_content":["Succeeded"]},"metadata":{"operationMetadataId":"afc8c493-f886-49d5-b71f-dd4fd52d9ccb"},"type":"OpenApiConnection","inputs":{"parameters":{"emailMessage/To":"aiahmed@malomatia.com","emailMessage/Subject":"Submission of Finalized Court Data - WOR","emailMessage/Body":"<p class=\"editor-paragraph\">Dears,</p><br><p class=\"editor-paragraph\">Kindly be informed that all courts have successfully completed their part and the data is now finalized. You can find the Excel file attached to this email.<br><br>Best regards,</p>","emailMessage/Cc":"mhafsa@malomatia.com","emailMessage/Bcc":"ahadef@malomatia.com","emailMessage/Attachments":[{"Name":"Weekly operation report_@{formatDateTime(utcNow(), 'dd/MM/yyyy')}.xlsx","ContentBytes":"@body('Get_file_content')"}],"emailMessage/Importance":"Normal"},"host":{"apiId":"/providers/Microsoft.PowerApps/apis/shared_office365","connectionName":"shared_office365-1","operationId":"SendEmailV2"},"authentication":"@parameters('$authentication')"}},"For_each_2":{"foreach":"@outputs('Get_items_-_acknowledgment_')?['body/value']","actions":{"Update_item":{"metadata":{"operationMetadataId":"5e805659-6340-4599-8915-3021c9e9a452"},"type":"OpenApiConnection","inputs":{"parameters":{"dataset":"https://malomatiaqsc.sharepoint.com/sites/FSTeamToDoList","table":"f27b54a2-50e7-4df7-bf24-97273b9829f0","id":"@items('For_each_2')?['ID']","item/Sent":"Sent"},"host":{"apiId":"/providers/Microsoft.PowerApps/apis/shared_sharepointonline","connectionName":"shared_sharepointonline","operationId":"PatchItem"},"authentication":"@parameters('$authentication')"}}},"runAfter":{"Send_an_email_(V2)":["Succeeded"]},"metadata":{"operationMetadataId":"3e89f401-5d61-41a9-b8b3-35598f46a4e9"},"type":"Foreach"},"Get_-_Current_WOR_-_data_2":{"runAfter":{"For_each_1":["Succeeded"]},"metadata":{"operationMetadataId":"8f221072-a477-4314-918c-c0a3ac080ff2"},"type":"OpenApiConnection","inputs":{"parameters":{"dataset":"https://malomatiaqsc.sharepoint.com/sites/FSTeamToDoList","table":"e0727e5e-bcd2-48fc-8c3f-ddd553ff0b27"},"host":{"apiId":"/providers/Microsoft.PowerApps/apis/shared_sharepointonline","connectionName":"shared_sharepointonline","operationId":"GetItems"},"authentication":"@parameters('$authentication')"},"runtimeConfiguration":{"paginationPolicy":{"minimumItemCount":5000}}},"Delay":{"runAfter":{"For_each":["Succeeded"]},"type":"Wait","inputs":{"interval":{"count":1,"unit":"Minute"}}}},"runAfter":{"Get_items_-_acknowledgment_":["Succeeded"]},"else":{"actions":{}},"expression":{"and":[{"equals":["@length(outputs('Get_items_-_acknowledgment_')?['body/value'])",9]}]},"metadata":{"operationMetadataId":"3046f78c-750e-46db-be37-1632cb8ae964"},"type":"If"}},"outputs":{}},"connectionReferences":{"shared_sharepointonline":{"connectionName":"shared-sharepointonl-a9944b8f-3956-47e8-9c6e-40f283365407","source":"Embedded","id":"/providers/Microsoft.PowerApps/apis/shared_sharepointonline","tier":"NotSpecified","apiName":"sharepointonline","isProcessSimpleApiReferenceConversionAlreadyDone":false},"shared_excelonlinebusiness":{"connectionName":"shared-excelonlinebu-e9e6e923-9a18-49cd-8f54-a9f898b32162","source":"Embedded","id":"/providers/Microsoft.PowerApps/apis/shared_excelonlinebusiness","tier":"NotSpecified","apiName":"excelonlinebusiness","isProcessSimpleApiReferenceConversionAlreadyDone":false},"shared_onedriveforbusiness":{"connectionName":"shared-onedriveforbu-f55a9c2b-7dc6-44e8-a888-1ec74da622b6","source":"Embedded","id":"/providers/Microsoft.PowerApps/apis/shared_onedriveforbusiness","tier":"NotSpecified","apiName":"onedriveforbusiness","isProcessSimpleApiReferenceConversionAlreadyDone":false},"shared_office365-1":{"connectionName":"shared-office365-44405287-4c0d-4b46-a565-9a3f3e0925fb","source":"Embedded","id":"/providers/Microsoft.PowerApps/apis/shared_office365","tier":"NotSpecified","apiName":"office365","isProcessSimpleApiReferenceConversionAlreadyDone":false}},"flowFailureAlertSubscribed":false,"isManaged":false}}